Squeezielive,[]
Gotaga,[]
Domingo,[]
TheKAIRI78,[]
WankilStudio,[]
Joueur_du_Grenier,[]
Sardoche,[]
JLTomy,[]
ZeratoR,[]
EsportZoneLiveTV,[]
mistermv,[]
Locklear,[]
Xari,[]
FortniteFR,[]
lestream,[]
Cyprienlive,[]
StreamBox,[]
Laink,[]
BruceGrannec,[]
FuzeIII,[]
Terracid,[]
CYRILmp4,[]
Solary,"[{'id': '242679969', 'user_id': '174955366', 'user_name': 'Solary', 'game_id': '21779', 'type': 'live', 'title': 'La nuit Sharkky!!!', 'viewer_count': 1958, 'started_at': '2019-11-30T14:33:21Z', 'language': 'fr', 'thumbnail_url': 'https://static-cdn.jtvnw.net/previews-ttv/live_user_solary-{width}x{height}.jpg', 'tag_ids': ['6f655045-9989-4ef7-8f85-1edcec42d648']}]"
SolaryFortnite,[]
Jirayalecochon,[]
iProMx,[]
LeFrenchRestream,[]
Anas_Off,[]
brusselschallenge,[]
PlayHearthstoneFR,[]
RocKy_,[]
YoMax,[]
FantaBobShow,[]
RebeuDeter,[]
robert87000,[]
Kamet0,[]
dreamhackcsgo_fr,[]
AlphaCast,[]
Doigby,[]
JulienChieze,[]
LyoneSportTV,[]
michou_twitch,[]
Pauleta_Youtubeur,[]
Alderiate,[]
Mushway,[]
AntoineDanielLive,[]
SolaryHS,"[{'id': '246197121', 'user_id': '416031592', 'user_name': 'SolaryHS', 'game_id': '138585', 'type': 'live', 'title': '[FR] Tars teste les futurs anciens dragons avant tout le monde !', 'viewer_count': 753, 'started_at': '2019-12-01T06:05:10Z', 'language': 'fr', 'thumbnail_url': 'https://static-cdn.jtvnw.net/previews-ttv/live_user_solaryhs-{width}x{height}.jpg', 'tag_ids': ['6f655045-9989-4ef7-8f85-1edcec42d648']}]"
Shaunz,[]
shoxieJESUSS,[]
Liberto,"[{'id': '244956433', 'user_id': '44960888', 'user_name': 'Liberto', 'game_id': '21779', 'type': 'live', 'title': 'Live Chill sur League Of Legends avec MouMou ~', 'viewer_count': 765, 'started_at': '2019-11-30T20:48:51Z', 'language': 'fr', 'thumbnail_url': 'https://static-cdn.jtvnw.net/previews-ttv/live_user_liberto-{width}x{height}.jpg', 'tag_ids': ['6f655045-9989-4ef7-8f85-1edcec42d648']}]"
XEWER,[]
WarcraftFR,[]
lequipefr,[]
LeBouseuh,[]
JeelTV,[]
1PVCS,[]
PrimeTimeFut,[]
MasterSnakou,[]
Corobizar,[]
lyonesportFT,[]
Crocodyle_lol,[]
Mickalow,[]
At0mium,[]
Rainbow6FR,[]
Maghla,[]
TwitchFR,[]
Oliechhs,[]
Bennnzz,[]
Mastu,[]
OgamingSC2,"[{'id': '245381937', 'user_id': '71852806', 'user_name': 'OgamingSC2', 'game_id': '490422', 'type': 'live', 'title': 'NW 2019 - ITA vs MEX & FIN vs USA- RO8', 'viewer_count': 213, 'started_at': '2019-11-30T22:06:42Z', 'language': 'fr', 'thumbnail_url': 'https://static-cdn.jtvnw.net/previews-ttv/live_user_ogamingsc2-{width}x{height}.jpg', 'tag_ids': ['6f655045-9989-4ef7-8f85-1edcec42d648']}]"
nayte,[]
Teeqzy_,[]
RiotGamesFR,[]
aypierre,[]
Kenb0gard,[]
MrRemxTV,[]
GoBGG,[]
SkyrrozTV,[]
JLPRINCE_,[]
TheGuill84,[]
AdzTV,[]
Clique_TV_Stream,[]
JLMeilleurArab,"[{'id': '244972481', 'user_id': '403474131', 'user_name': 'JLMeilleurArab', 'game_id': '509658', 'type': 'live', 'title': 'JL Walid | Chill avec nono ! (!walid !twitter !video)', 'viewer_count': 411, 'started_at': '2019-11-30T20:51:29Z', 'language': 'fr', 'thumbnail_url': 'https://static-cdn.jtvnw.net/previews-ttv/live_user_jlmeilleurarab-{width}x{height}.jpg', 'tag_ids': ['6f655045-9989-4ef7-8f85-1edcec42d648']}]"
Kaydop,[]
Zydar,[]
JLFakemonster,[]
jvtv,[]
Garryschool,[]
HumilityFR,[]
Bidule,[]
lyonesportLoL,[]
SonixPROD_TV,[]
NBK,[]
Anil,[]
Chrales,[]
MrBboy45,[]
Tonton,"[{'id': '246190305', 'user_id': '72480716', 'user_name': 'Tonton', 'game_id': '65950', 'type': 'live', 'title': 'Coffee time - 100% on va faire les mauvais choix... || !giveaway', 'viewer_count': 478, 'started_at': '2019-12-01T05:55:45Z', 'language': 'fr', 'thumbnail_url': 'https://static-cdn.jtvnw.net/previews-ttv/live_user_tonton-{width}x{height}.jpg', 'tag_ids': ['cea7bc0c-75a5-4446-8743-6db031b71550', '6f655045-9989-4ef7-8f85-1edcec42d648']}]"
MinosTV_,[]
idrizlabasefc,[]
ultimatefightingfr,[]
