Squeezielive,52130765
Gotaga,24147592
Domingo,40063341
TheKAIRI78,26144032
WankilStudio,31289086
Joueur_du_Grenier,68078157
Sardoche,50795214
JLTomy,155601320
ZeratoR,41719107
EsportZoneLiveTV,185592405
mistermv,28575692
Locklear,137347549
Xari,88301612
FortniteFR,264769448
lestream,147337432
Cyprienlive,52066684
StreamBox,274708447
Laink,89872865
BruceGrannec,31813025
FuzeIII,41040855
Terracid,89873316
CYRILmp4,55828551
Solary,174955366
SolaryFortnite,198506129
Jirayalecochon,26567552
iProMx,83727379
LeFrenchRestream,137422507
Anas_Off,62154099
brusselschallenge,176890133
PlayHearthstoneFR,189910210
RocKy_,115695918
YoMax,74391737
FantaBobShow,29188740
RebeuDeter,407837457
robert87000,70915697
Kamet0,27115917
dreamhackcsgo_fr,147081397
AlphaCast,94435040
Doigby,25454398
JulienChieze,59651004
LyoneSportTV,41261135
michou_twitch,231634715
Pauleta_Youtubeur,41487980
Alderiate,77452537
Mushway,81432617
AntoineDanielLive,135468063
SolaryHS,416031592
Shaunz,43102846
shoxieJESUSS,35332416
Liberto,44960888
XEWER,88524154
WarcraftFR,185830782
lequipefr,237870645
LeBouseuh,96562014
JeelTV,114119743
1PVCS,168116110
PrimeTimeFut,42433620
MasterSnakou,42141251
Corobizar,123020035
lyonesportFT,413078661
Crocodyle_lol,101234264
Mickalow,30709418
At0mium,24306397
Rainbow6FR,232300705
Maghla,131215608
TwitchFR,61260038
Oliechhs,103507272
Bennnzz,71530897
Mastu,63936838
OgamingSC2,71852806
nayte,188720074
Teeqzy_,148043031
RiotGamesFR,36511198
aypierre,29753247
Kenb0gard,37523739
MrRemxTV,53571235
GoBGG,40760591
SkyrrozTV,52349411
JLPRINCE_,73486167
TheGuill84,36318615
AdzTV,170547313
Clique_TV_Stream,463948860
JLMeilleurArab,403474131
Kaydop,63675549
Zydar,85510026
JLFakemonster,90250629
jvtv,84934385
Garryschool,30023985
HumilityFR,84240904
Bidule,136925660
lyonesportLoL,413061482
SonixPROD_TV,103548477
NBK,39393036
Anil,31952238
Chrales,53345771
MrBboy45,21080562
Tonton,72480716
MinosTV_,63985840
idrizlabasefc,271432683
ultimatefightingfr,465239013
