Squeezielive,https://static-cdn.jtvnw.net/jtv_user_pictures/dee7313b-a937-4275-a5af-5b5e534e0b82-profile_image-300x300.png,#70b87d
Gotaga,https://static-cdn.jtvnw.net/jtv_user_pictures/fbc5661c-7812-4b43-bf5e-16c3ba536d5d-profile_image-300x300.png,#00000000
Domingo,https://static-cdn.jtvnw.net/jtv_user_pictures/b84b2c78-9e28-4f13-b2fe-bee20a4824d5-profile_image-300x300.png,#f4f2f4
TheKAIRI78,https://static-cdn.jtvnw.net/jtv_user_pictures/0b6ab0f2-d555-4fc6-93ee-0ab623a39425-profile_image-300x300.png,#dad3c5
WankilStudio,https://static-cdn.jtvnw.net/jtv_user_pictures/wankilstudio-profile_image-d4aec5a11445ef41-300x300.jpeg,#fe521000
Joueur_du_Grenier,https://static-cdn.jtvnw.net/jtv_user_pictures/joueur_du_grenier-profile_image-f99b08c2b14164ca-300x300.jpeg,#120e0d
Sardoche,https://static-cdn.jtvnw.net/jtv_user_pictures/sardoche-profile_image-96730a1ede6486f7-300x300.png,#7b7c81ff
JLTomy,https://static-cdn.jtvnw.net/jtv_user_pictures/b443a53e-6870-4166-8b03-a9126a88ece0-profile_image-300x300.png,#5a4739
ZeratoR,https://static-cdn.jtvnw.net/jtv_user_pictures/zerator-profile_image-48eee9de24a47e53-300x300.png,#00000006
EsportZoneLiveTV,https://static-cdn.jtvnw.net/jtv_user_pictures/65dc2dc6-b20a-44f8-a518-d38e3f87300b-profile_image-300x300.png,#01fe
mistermv,https://static-cdn.jtvnw.net/jtv_user_pictures/5c8624bb-58df-4152-bde9-158487049a5f-profile_image-300x300.png,#00000000
Locklear,https://static-cdn.jtvnw.net/jtv_user_pictures/70d90ec14808c95f-profile_image-300x300.png,#222634ff
Xari,https://static-cdn.jtvnw.net/jtv_user_pictures/86214da3-1461-44d1-a2e9-43501af29538-profile_image-300x300.jpeg,#0e0a1a
FortniteFR,https://static-cdn.jtvnw.net/jtv_user_pictures/127f409f-728c-4575-b8f5-c3fead1a8bed-profile_image-300x300.png,#5bd3f6
lestream,https://static-cdn.jtvnw.net/jtv_user_pictures/e36c7503-b75e-438b-b6f3-0a5c1edff8b5-profile_image-300x300.png,#dadae1
Cyprienlive,https://static-cdn.jtvnw.net/jtv_user_pictures/52ed8736-f088-4332-80f9-25c156d35068-profile_image-300x300.png,#34285c
StreamBox,https://static-cdn.jtvnw.net/jtv_user_pictures/dbc7ade3-ee71-4371-9bec-761cc00e0ae2-profile_image-300x300.png,#fefefe
Laink,https://static-cdn.jtvnw.net/jtv_user_pictures/51519e66-e6a1-426a-84f6-d57497076544-profile_image-300x300.png,#ca9661
BruceGrannec,https://static-cdn.jtvnw.net/jtv_user_pictures/brucegrannec-profile_image-3f8432a17cdaa08a-300x300.jpeg,#fefefd
FuzeIII,https://static-cdn.jtvnw.net/jtv_user_pictures/fuzeiii-profile_image-b39fcc09963577a3-300x300.jpeg,#890106
Terracid,https://static-cdn.jtvnw.net/jtv_user_pictures/terracid-profile_image-d0b3a49fe9db5777-300x300.jpeg,#f7d3bb
CYRILmp4,https://static-cdn.jtvnw.net/jtv_user_pictures/cyrilmp4-profile_image-db63f67b752bab5a-300x300.jpeg,#efc9b6
Solary,https://static-cdn.jtvnw.net/jtv_user_pictures/02c5e2a6-fb52-492c-b76e-bab28809ef82-profile_image-300x300.jpeg,#151a20
SolaryFortnite,https://static-cdn.jtvnw.net/jtv_user_pictures/47b55e1d-5140-4b35-a0cc-583ff8a83928-profile_image-300x300.jpeg,#00d9fe
Jirayalecochon,https://static-cdn.jtvnw.net/jtv_user_pictures/jirayalecochon-profile_image-22c60321fd37e563-300x300.png,#080806fd
iProMx,https://static-cdn.jtvnw.net/jtv_user_pictures/d933b0c4-f8f6-4c77-a19a-1311e960faa1-profile_image-300x300.jpeg,#090909
LeFrenchRestream,https://static-cdn.jtvnw.net/jtv_user_pictures/bf574d21-2623-4ac7-a26a-078037445ec3-profile_image-300x300.png,#7a54c3ff
Anas_Off,https://static-cdn.jtvnw.net/jtv_user_pictures/6f429e53-b4c9-4891-90b6-e6c3d765ce23-profile_image-300x300.png,#bcd1ea
brusselschallenge,https://static-cdn.jtvnw.net/jtv_user_pictures/12d2333e-065f-4e4c-8bfb-2e98651a9146-profile_image-300x300.png,#fefefeff
PlayHearthstoneFR,https://static-cdn.jtvnw.net/jtv_user_pictures/69a0fc4d-186d-4b69-954a-b02e04eb30c9-profile_image-300x300.png,#5a4e49
RocKy_,https://static-cdn.jtvnw.net/jtv_user_pictures/f412f720-c6d5-4812-b8c4-604612fa59b4-profile_image-300x300.png,#000600
YoMax,https://static-cdn.jtvnw.net/jtv_user_pictures/6cbcbaee-b5ff-4bcb-84a9-ca736fdd68fa-profile_image-300x300.png,#2b0c10
FantaBobShow,https://static-cdn.jtvnw.net/jtv_user_pictures/0613f6f7-1751-42ff-80fe-df48abad0c52-profile_image-300x300.jpg,#220402
RebeuDeter,https://static-cdn.jtvnw.net/jtv_user_pictures/4c68ebe4-8a6f-4e8c-80a0-a01eb63f217b-profile_image-300x300.png,#141218
robert87000,https://static-cdn.jtvnw.net/jtv_user_pictures/cf234d80-0118-467f-b90b-9b869de2755c-profile_image-300x300.png,#c9b392
Kamet0,https://static-cdn.jtvnw.net/jtv_user_pictures/9e12862d-a8d0-4df2-81aa-e2241022dc98-profile_image-300x300.jpg,#372f34
dreamhackcsgo_fr,https://static-cdn.jtvnw.net/jtv_user_pictures/770314b4-6b50-45b6-ab61-eb33082adfd4-profile_image-300x300.png,#1d2331ff
AlphaCast,https://static-cdn.jtvnw.net/jtv_user_pictures/alphacast-profile_image-56175953cb7d4aa3-300x300.jpeg,#c8a893be
Doigby,https://static-cdn.jtvnw.net/jtv_user_pictures/e1e1319d-8367-401a-a11c-9326dd776ca4-profile_image-300x300.png,#5a85b1
JulienChieze,https://static-cdn.jtvnw.net/jtv_user_pictures/b655adfd-d571-4bd4-966b-360d4f76d891-profile_image-300x300.png,#141519
LyoneSportTV,https://static-cdn.jtvnw.net/jtv_user_pictures/926601a6-9a6a-48e0-b856-1401191673cd-profile_image-300x300.jpeg,#e4e4e4
michou_twitch,https://static-cdn.jtvnw.net/jtv_user_pictures/228090d2-329b-4c9b-9eab-24a9b9a2acb5-profile_image-300x300.jpg,#d6a2a4
Pauleta_Youtubeur,https://static-cdn.jtvnw.net/jtv_user_pictures/9e84b707-13a7-47f1-b768-446fc16ad0e2-profile_image-300x300.png,#fdfdfd
Alderiate,https://static-cdn.jtvnw.net/jtv_user_pictures/bed29151-4319-4e3f-9f30-031d9dde1458-profile_image-300x300.png,#000a17
Mushway,https://static-cdn.jtvnw.net/jtv_user_pictures/10f36ce5-98ed-4d5e-8f68-3d55e1ff66c5-profile_image-300x300.jpg,#050204
AntoineDanielLive,https://static-cdn.jtvnw.net/jtv_user_pictures/antoinedaniellive-profile_image-34d29aeea39fea58-300x300.jpeg,#1d0e07
SolaryHS,https://static-cdn.jtvnw.net/jtv_user_pictures/6db903c8-5eea-4815-b36e-4acb0e6dbf90-profile_image-300x300.jpeg,#1a2949
Shaunz,https://static-cdn.jtvnw.net/jtv_user_pictures/9f47e0a1-3791-439f-bc16-fb5da132c375-profile_image-300x300.png,#00000000
shoxieJESUSS,https://static-cdn.jtvnw.net/jtv_user_pictures/1bf18468-f728-445f-9661-4fd1a9fb64c6-profile_image-300x300.png,#000500
Liberto,https://static-cdn.jtvnw.net/jtv_user_pictures/0e3296ad-7041-4312-9480-72a8b93149bf-profile_image-300x300.png,#321e4afe
XEWER,https://static-cdn.jtvnw.net/jtv_user_pictures/fae99f70-eb00-4b25-ba64-5ae2309c381a-profile_image-300x300.png,#03020000
WarcraftFR,https://static-cdn.jtvnw.net/jtv_user_pictures/1b7e5225-624f-47c6-ae62-c2ca7a982a62-profile_image-300x300.png,#13100eff
lequipefr,https://static-cdn.jtvnw.net/jtv_user_pictures/46667f81-9973-4cc3-bb76-e265cd3a7697-profile_image-300x300.jpg,#fafefe
LeBouseuh,https://static-cdn.jtvnw.net/jtv_user_pictures/3200f43d-dcf2-4785-a014-8e754c382031-profile_image-300x300.png,#181619ff
JeelTV,https://static-cdn.jtvnw.net/jtv_user_pictures/3845db6c-1ea5-47de-906a-e41b60fa31db-profile_image-300x300.png,#805d5b
1PVCS,https://static-cdn.jtvnw.net/jtv_user_pictures/02b33c56-2021-4de5-aa71-283d74f91013-profile_image-300x300.png,#000101
PrimeTimeFut,https://static-cdn.jtvnw.net/jtv_user_pictures/2ac77930-b2fc-4d37-8bda-051a439312a6-profile_image-300x300.jpg,#1a4353
MasterSnakou,https://static-cdn.jtvnw.net/jtv_user_pictures/428646a0-3ada-46d6-8f4a-fb76b5e3c355-profile_image-300x300.png,#0c0b11
Corobizar,https://static-cdn.jtvnw.net/jtv_user_pictures/38846da3-40da-4dab-9248-08ec98061b8e-profile_image-300x300.png,#01010000
lyonesportFT,https://static-cdn.jtvnw.net/jtv_user_pictures/f80d9207-c147-4a5c-80f7-6499364695c8-profile_image-300x300.png,#dadada
Crocodyle_lol,https://static-cdn.jtvnw.net/jtv_user_pictures/32b35514-3cac-4acd-a68a-1c14ef7cdb3c-profile_image-300x300.png,#00000000
Mickalow,https://static-cdn.jtvnw.net/jtv_user_pictures/fda4c38e-846c-46d5-95e7-6508d25c85a4-profile_image-300x300.png,#605940
At0mium,https://static-cdn.jtvnw.net/jtv_user_pictures/8f6f7cb5-237d-46fe-a576-3d06bd87bdaf-profile_image-300x300.png,#051117
Rainbow6FR,https://static-cdn.jtvnw.net/jtv_user_pictures/5c71da1d-ec60-44df-8578-72d5ba46b359-profile_image-300x300.png,#79714b
Maghla,https://static-cdn.jtvnw.net/jtv_user_pictures/f11c2aa9-4420-4625-be4b-267e07b1807b-profile_image-300x300.jpg,#1e0c07
TwitchFR,https://static-cdn.jtvnw.net/jtv_user_pictures/77e05eb3-0355-4d24-a53b-dee2c5acfd69-profile_image-300x300.png,#643fa5
Oliechhs,https://static-cdn.jtvnw.net/jtv_user_pictures/5af3eac1d3e8fce8-profile_image-300x300.jpeg,#a59b87
Bennnzz,https://static-cdn.jtvnw.net/jtv_user_pictures/9faebbc5-e958-4a6d-a5c2-fc8e67bbf72d-profile_image-300x300.jpg,#41233d
Mastu,https://static-cdn.jtvnw.net/jtv_user_pictures/17321b47-353d-4d25-8fd9-f5bd08f54003-profile_image-300x300.jpeg,#f6f6f6
OgamingSC2,https://static-cdn.jtvnw.net/jtv_user_pictures/e066dae0-60c1-4570-8d08-c95f1c528142-profile_image-300x300.png,#000812ff
nayte,https://static-cdn.jtvnw.net/jtv_user_pictures/a32cb1dd-4285-407c-82ab-1345588787ca-profile_image-300x300.png,#04040c
Teeqzy_,https://static-cdn.jtvnw.net/jtv_user_pictures/c052d503-8145-4264-b574-aedbbe7cd454-profile_image-300x300.jpg,#030203
RiotGamesFR,https://static-cdn.jtvnw.net/jtv_user_pictures/f1e8d39e-d24a-4d40-a36d-91763ccd3c7d-profile_image-300x300.png,#fbf5e8
aypierre,https://static-cdn.jtvnw.net/jtv_user_pictures/d7da33fb-790f-41d7-ad81-5d0bfe4029d8-profile_image-300x300.jpg,#564a3f
Kenb0gard,https://static-cdn.jtvnw.net/jtv_user_pictures/kenb0gard-profile_image-73f34dc9152cfeb5-300x300.png,#020606ff
MrRemxTV,https://static-cdn.jtvnw.net/jtv_user_pictures/5d1d89b3-9e95-4f64-b982-ec7ee12ab581-profile_image-300x300.png,#c9def7
GoBGG,https://static-cdn.jtvnw.net/jtv_user_pictures/d698e8eb-284e-4345-b4ae-b39d6274fa2f-profile_image-300x300.jpg,#2b292c
SkyrrozTV,https://static-cdn.jtvnw.net/jtv_user_pictures/8cea069b-d485-4fc9-8b2d-50c29def5e2e-profile_image-300x300.jpg,#040605
JLPRINCE_,https://static-cdn.jtvnw.net/jtv_user_pictures/7a9e5290-7c9e-4ca6-a18b-9b0162910fc5-profile_image-300x300.png,#191519
TheGuill84,https://static-cdn.jtvnw.net/jtv_user_pictures/4e97c3fa121d46d3-profile_image-300x300.png,#0f060dff
AdzTV,https://static-cdn.jtvnw.net/jtv_user_pictures/ef1579ec-778e-48d1-9410-9f33e952e671-profile_image-300x300.png,#fefdfd
Clique_TV_Stream,https://static-cdn.jtvnw.net/jtv_user_pictures/fbf2b959-7bac-49a5-a4c4-7d6918c70d04-profile_image-300x300.png,#000000
JLMeilleurArab,https://static-cdn.jtvnw.net/jtv_user_pictures/1ac19487-ec79-4d5b-aaae-d568a30bc35b-profile_image-300x300.png,#fcfcfc
Kaydop,https://static-cdn.jtvnw.net/jtv_user_pictures/fa7ef1d1-f8c3-46d5-913b-5c33d840b5e2-profile_image-300x300.png,#222222
Zydar,https://static-cdn.jtvnw.net/jtv_user_pictures/zydar-profile_image-5ce12e85828cf5ff-300x300.png,#00000000
JLFakemonster,https://static-cdn.jtvnw.net/jtv_user_pictures/bb400a75-59eb-4eed-8c2a-d458bbde92be-profile_image-300x300.png,#cc986b
jvtv,https://static-cdn.jtvnw.net/jtv_user_pictures/ffc95366-994e-4e98-8e73-9cb4b9575867-profile_image-300x300.jpeg,#084267
Garryschool,https://static-cdn.jtvnw.net/jtv_user_pictures/6bd546d194990644-profile_image-300x300.jpeg,#f3ede7
HumilityFR,https://static-cdn.jtvnw.net/jtv_user_pictures/39cee30f-af84-41ff-b963-35c40b432ee4-profile_image-300x300.png,#140e16
Bidule,https://static-cdn.jtvnw.net/jtv_user_pictures/9d085aa5-7cee-4ee4-bb54-cc7a993149ca-profile_image-300x300.png,#66c5e6
lyonesportLoL,https://static-cdn.jtvnw.net/jtv_user_pictures/c767fe04-7740-40d8-acb2-76ba1fadf69e-profile_image-300x300.jpeg,#e4e4e4
SonixPROD_TV,https://static-cdn.jtvnw.net/jtv_user_pictures/aa502f11-bba5-4a09-8685-0e4b745e4e32-profile_image-300x300.jpeg,#341928
NBK,https://static-cdn.jtvnw.net/jtv_user_pictures/ee76fdadddec1ae6-profile_image-300x300.jpeg,#1c1916
Anil,https://static-cdn.jtvnw.net/jtv_user_pictures/b5e08fc7-3c0f-48ba-acf3-642b24b6a4de-profile_image-300x300.png,#dcd8d8
Chrales,https://static-cdn.jtvnw.net/jtv_user_pictures/chrales-profile_image-6faef55f7aa38e00-300x300.png,#00000003
MrBboy45,https://static-cdn.jtvnw.net/jtv_user_pictures/b47c1dc9-27cb-4ef8-8f48-26eb6bdd1d46-profile_image-300x300.png,#fefefe
Tonton,https://static-cdn.jtvnw.net/jtv_user_pictures/tonton-profile_image-9abe8b33bd601261-300x300.png,#00000000
MinosTV_,https://static-cdn.jtvnw.net/jtv_user_pictures/4c3caa00-3088-49f7-b34b-d1c94b1368f7-profile_image-300x300.png,#555353fe
idrizlabasefc,https://static-cdn.jtvnw.net/jtv_user_pictures/6032d0c9-5f30-4312-bbb0-1b186673c2d0-profile_image-300x300.png,#fefefe
ultimatefightingfr,https://static-cdn.jtvnw.net/jtv_user_pictures/bb03ae54-365b-42a3-a544-1965a3141540-profile_image-300x300.png,#15172c
