Squeezielive,[]
Gotaga,"[{'id': '262368321', 'user_id': '24147592', 'user_name': 'Gotaga', 'game_id': '509658', 'type': 'live', 'title': '[FR] GOTAGA â–º ON VA FAIRE LE BEUGAREEE !!! #DemiTour (Bambi au rang master)', 'viewer_count': 3642, 'started_at': '2019-12-04T20:58:37Z', 'language': 'fr', 'thumbnail_url': 'https://static-cdn.jtvnw.net/previews-ttv/live_user_gotaga-{width}x{height}.jpg', 'tag_ids': ['6f655045-9989-4ef7-8f85-1edcec42d648']}]"
Domingo,[]
TheKAIRI78,[]
WankilStudio,[]
Joueur_du_Grenier,[]
Sardoche,[]
JLTomy,[]
ZeratoR,[]
EsportZoneLiveTV,[]
mistermv,[]
Locklear,[]
Xari,[]
FortniteFR,[]
lestream,"[{'id': '263205377', 'user_id': '147337432', 'user_name': 'lestream', 'game_id': '417752', 'type': 'live', 'title': 'Refund or Not avec Deriv et Panthaa', 'viewer_count': 1253, 'started_at': '2019-12-05T05:31:10Z', 'language': 'fr', 'thumbnail_url': 'https://static-cdn.jtvnw.net/previews-ttv/live_user_lestream-{width}x{height}.jpg', 'tag_ids': ['6f655045-9989-4ef7-8f85-1edcec42d648']}]"
Cyprienlive,[]
StreamBox,[]
Laink,[]
BruceGrannec,[]
FuzeIII,[]
Terracid,[]
CYRILmp4,[]
Solary,"[{'id': '263334625', 'user_id': '174955366', 'user_name': 'Solary', 'game_id': '21779', 'type': 'live', 'title': 'Caelan SoloQ Matinale', 'viewer_count': 611, 'started_at': '2019-12-05T08:05:29Z', 'language': 'fr', 'thumbnail_url': 'https://static-cdn.jtvnw.net/previews-ttv/live_user_solary-{width}x{height}.jpg', 'tag_ids': ['6f655045-9989-4ef7-8f85-1edcec42d648']}]"
SolaryFortnite,[]
Jirayalecochon,[]
iProMx,[]
LeFrenchRestream,[]
Anas_Off,[]
brusselschallenge,[]
PlayHearthstoneFR,[]
RocKy_,[]
YoMax,[]
FantaBobShow,[]
RebeuDeter,[]
robert87000,[]
Kamet0,[]
dreamhackcsgo_fr,[]
AlphaCast,[]
Doigby,[]
JulienChieze,[]
LyoneSportTV,[]
michou_twitch,[]
Pauleta_Youtubeur,[]
Alderiate,"[{'id': '263298497', 'user_id': '77452537', 'user_name': 'Alderiate', 'game_id': '29307', 'type': 'live', 'title': 'BSC - Grinding LVL100 du dernier Gladiator de la saison - LVL 99 48% start', 'viewer_count': 683, 'started_at': '2019-12-05T07:35:33Z', 'language': 'fr', 'thumbnail_url': 'https://static-cdn.jtvnw.net/previews-ttv/live_user_alderiate-{width}x{height}.jpg', 'tag_ids': ['6f655045-9989-4ef7-8f85-1edcec42d648', 'b157e8d6-b7ba-49f4-836f-09886c072f1f']}]"
Mushway,[]
AntoineDanielLive,[]
SolaryHS,"[{'id': '260114113', 'user_id': '416031592', 'user_name': 'SolaryHS', 'game_id': '138585', 'type': 'live', 'title': '[FR] Tars : Review des cartes et ladder', 'viewer_count': 1284, 'started_at': '2019-12-04T14:34:44Z', 'language': 'fr', 'thumbnail_url': 'https://static-cdn.jtvnw.net/previews-ttv/live_user_solaryhs-{width}x{height}.jpg', 'tag_ids': ['6f655045-9989-4ef7-8f85-1edcec42d648']}]"
Shaunz,[]
shoxieJESUSS,[]
Liberto,[]
XEWER,[]
WarcraftFR,[]
lequipefr,[]
LeBouseuh,[]
JeelTV,[]
1PVCS,[]
PrimeTimeFut,[]
MasterSnakou,[]
Corobizar,"[{'id': '263260881', 'user_id': '123020035', 'user_name': 'Corobizar', 'game_id': '21779', 'type': 'live', 'title': 'MATIN CHOPIN', 'viewer_count': 1224, 'started_at': '2019-12-05T06:54:22Z', 'language': 'fr', 'thumbnail_url': 'https://static-cdn.jtvnw.net/previews-ttv/live_user_corobizar-{width}x{height}.jpg', 'tag_ids': ['6f655045-9989-4ef7-8f85-1edcec42d648']}]"
lyonesportFT,[]
Crocodyle_lol,[]
Mickalow,[]
At0mium,[]
Rainbow6FR,[]
Maghla,[]
TwitchFR,[]
Oliechhs,[]
Bennnzz,[]
Mastu,[]
OgamingSC2,"[{'id': '259635857', 'user_id': '71852806', 'user_name': 'OgamingSC2', 'game_id': '490422', 'type': 'live', 'title': 'WESG KR Day 2', 'viewer_count': 177, 'started_at': '2019-12-04T12:19:22Z', 'language': 'fr', 'thumbnail_url': 'https://static-cdn.jtvnw.net/previews-ttv/live_user_ogamingsc2-{width}x{height}.jpg', 'tag_ids': ['6f655045-9989-4ef7-8f85-1edcec42d648']}]"
nayte,[]
Teeqzy_,[]
RiotGamesFR,[]
aypierre,[]
Kenb0gard,[]
MrRemxTV,[]
GoBGG,[]
SkyrrozTV,[]
JLPRINCE_,[]
TheGuill84,[]
AdzTV,[]
Clique_TV_Stream,[]
JLMeilleurArab,[]
Kaydop,[]
Zydar,[]
JLFakemonster,[]
jvtv,[]
Garryschool,[]
HumilityFR,[]
Bidule,[]
lyonesportLoL,[]
SonixPROD_TV,[]
NBK,[]
Anil,[]
Chrales,[]
MrBboy45,[]
Tonton,"[{'id': '263219809', 'user_id': '72480716', 'user_name': 'Tonton', 'game_id': '460620', 'type': 'live', 'title': ""J'aime sauter dans le vide... Suite de Rise of the Tomb Raider // 10h Darksiders Genesis ft Altair || !giveaway"", 'viewer_count': 791, 'started_at': '2019-12-05T05:55:33Z', 'language': 'fr', 'thumbnail_url': 'https://static-cdn.jtvnw.net/previews-ttv/live_user_tonton-{width}x{height}.jpg', 'tag_ids': ['cea7bc0c-75a5-4446-8743-6db031b71550', '6f655045-9989-4ef7-8f85-1edcec42d648']}]"
MinosTV_,[]
idrizlabasefc,[]
ultimatefightingfr,[]
